"Name","Full Name","OID","Type","Access","Indexes","MIB Module","Description"
"sharedServices",".iso.org.dod.internet.private.enterprises.siemens.com.sharedServices",".1.3.6.1.4.1.4329.2.45",,,"","SharedServices-MIB",""
"nodeGroup",".iso.org.dod.internet.private.enterprises.siemens.com.sharedServices.nodeGroup",".1.3.6.1.4.1.4329.2.45.1",,,"","SharedServices-MIB",""
"numberOfNodeEntries",".iso.org.dod.internet.private.enterprises.siemens.com.sharedServices.nodeGroup.numberOfNodeEntries",".1.3.6.1.4.1.4329.2.45.1.1","INTEGER","read-only","","SharedServices-MIB","The number of entries in the node table."
"numberOfNodeTraps",".iso.org.dod.internet.private.enterprises.siemens.com.sharedServices.nodeGroup.numberOfNodeTraps",".1.3.6.1.4.1.4329.2.45.1.2","INTEGER","read-only","","SharedServices-MIB","The number of traps which were sent to signal status changes of the nodes."
"nodeTable",".iso.org.dod.internet.private.enterprises.siemens.com.sharedServices.nodeGroup.nodeTable",".1.3.6.1.4.1.4329.2.45.1.3","SEQUENCE OF NodeTableEntry","accessible-for-notify","","SharedServices-MIB","This table shows the contents of node entries. A node is a physical machine hosting one or more containers."
"nodeTableEntry",".iso.org.dod.internet.private.enterprises.siemens.com.sharedServices.nodeGroup.nodeTable.nodeTableEntry",".1.3.6.1.4.1.4329.2.45.1.3.1","NodeTableEntry","not-accessible","nodeGuid","SharedServices-MIB","The node table entries."
"nodeGuid",".iso.org.dod.internet.private.enterprises.siemens.com.sharedServices.nodeGroup.nodeTable.nodeTableEntry.nodeGuid",".1.3.6.1.4.1.4329.2.45.1.3.1.1","OCTET STRING","read-only","","SharedServices-MIB","The unique identifier of the node."
"nodeDisplayName",".iso.org.dod.internet.private.enterprises.siemens.com.sharedServices.nodeGroup.nodeTable.nodeTableEntry.nodeDisplayName",".1.3.6.1.4.1.4329.2.45.1.3.1.2","OCTET STRING","read-only","","SharedServices-MIB","The nodename."
"nodeIpAddress",".iso.org.dod.internet.private.enterprises.siemens.com.sharedServices.nodeGroup.nodeTable.nodeTableEntry.nodeIpAddress",".1.3.6.1.4.1.4329.2.45.1.3.1.3","OCTET STRING","read-only","","SharedServices-MIB","The ip address of the node."
"nodeDescription",".iso.org.dod.internet.private.enterprises.siemens.com.sharedServices.nodeGroup.nodeTable.nodeTableEntry.nodeDescription",".1.3.6.1.4.1.4329.2.45.1.3.1.4","OCTET STRING","read-only","","SharedServices-MIB","A description of the node."
"nodeContact",".iso.org.dod.internet.private.enterprises.siemens.com.sharedServices.nodeGroup.nodeTable.nodeTableEntry.nodeContact",".1.3.6.1.4.1.4329.2.45.1.3.1.5","OCTET STRING","read-only","","SharedServices-MIB","The responsible administrator."
"nodeLocation",".iso.org.dod.internet.private.enterprises.siemens.com.sharedServices.nodeGroup.nodeTable.nodeTableEntry.nodeLocation",".1.3.6.1.4.1.4329.2.45.1.3.1.6","OCTET STRING","read-only","","SharedServices-MIB","The location of the node."
"nodeStatus",".iso.org.dod.internet.private.enterprises.siemens.com.sharedServices.nodeGroup.nodeTable.nodeTableEntry.nodeStatus",".1.3.6.1.4.1.4329.2.45.1.3.1.7","OCTET STRING","read-only","","SharedServices-MIB","The status of the node. Possible values are:normal, warning, critical."
"nodeArchitecture",".iso.org.dod.internet.private.enterprises.siemens.com.sharedServices.nodeGroup.nodeTable.nodeTableEntry.nodeArchitecture",".1.3.6.1.4.1.4329.2.45.1.3.1.8","OCTET STRING","read-only","","SharedServices-MIB","The architecture of the node, e.g. x86, sunUltra, ..."
"nodeOsName",".iso.org.dod.internet.private.enterprises.siemens.com.sharedServices.nodeGroup.nodeTable.nodeTableEntry.nodeOsName",".1.3.6.1.4.1.4329.2.45.1.3.1.9","OCTET STRING","read-only","","SharedServices-MIB","The name of the operating system, e.g. Windows, Linux, ..."
"nodeOsVersion",".iso.org.dod.internet.private.enterprises.siemens.com.sharedServices.nodeGroup.nodeTable.nodeTableEntry.nodeOsVersion",".1.3.6.1.4.1.4329.2.45.1.3.1.10","OCTET STRING","read-only","","SharedServices-MIB","The version of the operating system."
"nodeSnmpAgentVersion",".iso.org.dod.internet.private.enterprises.siemens.com.sharedServices.nodeGroup.nodeTable.nodeTableEntry.nodeSnmpAgentVersion",".1.3.6.1.4.1.4329.2.45.1.3.1.11","OCTET STRING","read-only","","SharedServices-MIB","The version of the SNMP agent."
"nodeMibVersion",".iso.org.dod.internet.private.enterprises.siemens.com.sharedServices.nodeGroup.nodeTable.nodeTableEntry.nodeMibVersion",".1.3.6.1.4.1.4329.2.45.1.3.1.12","OCTET STRING","read-only","","SharedServices-MIB","The version of the Management Information Base."
"nodeMgmtURL",".iso.org.dod.internet.private.enterprises.siemens.com.sharedServices.nodeGroup.nodeTable.nodeTableEntry.nodeMgmtURL",".1.3.6.1.4.1.4329.2.45.1.3.1.13","OCTET STRING","read-only","","SharedServices-MIB","Points to a page with gives access to the configuration manager of the node if available."
"nodeDocURL",".iso.org.dod.internet.private.enterprises.siemens.com.sharedServices.nodeGroup.nodeTable.nodeTableEntry.nodeDocURL",".1.3.6.1.4.1.4329.2.45.1.3.1.14","OCTET STRING","read-only","","SharedServices-MIB","Points to the documentation."
"nodeIconURL",".iso.org.dod.internet.private.enterprises.siemens.com.sharedServices.nodeGroup.nodeTable.nodeTableEntry.nodeIconURL",".1.3.6.1.4.1.4329.2.45.1.3.1.15","OCTET STRING","read-only","","SharedServices-MIB","Points to a file, which describes the location of the shape and the pixmaps for the icons to be used to display the node on the desktop map."
"numberOfNodeContainerEntries",".iso.org.dod.internet.private.enterprises.siemens.com.sharedServices.nodeGroup.numberOfNodeContainerEntries",".1.3.6.1.4.1.4329.2.45.1.4","INTEGER","read-only","","SharedServices-MIB","The number of containers which are hosted by the nodes."
"nodeContainerTable",".iso.org.dod.internet.private.enterprises.siemens.com.sharedServices.nodeGroup.nodeContainerTable",".1.3.6.1.4.1.4329.2.45.1.5","SEQUENCE OF NodeContainerTableEntry","accessible-for-notify","","SharedServices-MIB","This table shows the containers which are hosted by the nodes."
"nodeContainerTableEntry",".iso.org.dod.internet.private.enterprises.siemens.com.sharedServices.nodeGroup.nodeContainerTable.nodeContainerTableEntry",".1.3.6.1.4.1.4329.2.45.1.5.1","NodeContainerTableEntry","not-accessible","nodeAssocNodeGuid, nodeAssocContainerGuid","SharedServices-MIB","The associated containers."
"nodeAssocNodeGuid",".iso.org.dod.internet.private.enterprises.siemens.com.sharedServices.nodeGroup.nodeContainerTable.nodeContainerTableEntry.nodeAssocNodeGuid",".1.3.6.1.4.1.4329.2.45.1.5.1.1","OCTET STRING","read-only","","SharedServices-MIB","The unique identifier of the node."
"nodeAssocContainerGuid",".iso.org.dod.internet.private.enterprises.siemens.com.sharedServices.nodeGroup.nodeContainerTable.nodeContainerTableEntry.nodeAssocContainerGuid",".1.3.6.1.4.1.4329.2.45.1.5.1.2","OCTET STRING","read-only","","SharedServices-MIB","The unique identifier of the associated container."
"nodeAssocContainerDisplayName",".iso.org.dod.internet.private.enterprises.siemens.com.sharedServices.nodeGroup.nodeContainerTable.nodeContainerTableEntry.nodeAssocContainerDisplayName",".1.3.6.1.4.1.4329.2.45.1.5.1.3","OCTET STRING","read-only","","SharedServices-MIB","The display name of the associated container."
"applicationGroup",".iso.org.dod.internet.private.enterprises.siemens.com.sharedServices.applicationGroup",".1.3.6.1.4.1.4329.2.45.2",,,"","SharedServices-MIB",""
"numberOfApplicationEntries",".iso.org.dod.internet.private.enterprises.siemens.com.sharedServices.applicationGroup.numberOfApplicationEntries",".1.3.6.1.4.1.4329.2.45.2.1","INTEGER","read-only","","SharedServices-MIB","The number of entries in the application table."
"numberOfApplicationTraps",".iso.org.dod.internet.private.enterprises.siemens.com.sharedServices.applicationGroup.numberOfApplicationTraps",".1.3.6.1.4.1.4329.2.45.2.2","INTEGER","read-only","","SharedServices-MIB","The number of traps which were sent to signal status changes of the applications."
"applicationTable",".iso.org.dod.internet.private.enterprises.siemens.com.sharedServices.applicationGroup.applicationTable",".1.3.6.1.4.1.4329.2.45.2.3","SEQUENCE OF ApplicationTableEntry","accessible-for-notify","","SharedServices-MIB","This table shows the contents of application entries. Applications use services which are deployed to the nodes."
"applicationTableEntry",".iso.org.dod.internet.private.enterprises.siemens.com.sharedServices.applicationGroup.applicationTable.applicationTableEntry",".1.3.6.1.4.1.4329.2.45.2.3.1","ApplicationTableEntry","not-accessible","applicationGuid","SharedServices-MIB","The application table entries."
"applicationGuid",".iso.org.dod.internet.private.enterprises.siemens.com.sharedServices.applicationGroup.applicationTable.applicationTableEntry.applicationGuid",".1.3.6.1.4.1.4329.2.45.2.3.1.1","OCTET STRING","read-only","","SharedServices-MIB","The unique identifier of the application."
"applicationDisplayName",".iso.org.dod.internet.private.enterprises.siemens.com.sharedServices.applicationGroup.applicationTable.applicationTableEntry.applicationDisplayName",".1.3.6.1.4.1.4329.2.45.2.3.1.2","OCTET STRING","read-only","","SharedServices-MIB","The display name of the application."
"applicationDescription",".iso.org.dod.internet.private.enterprises.siemens.com.sharedServices.applicationGroup.applicationTable.applicationTableEntry.applicationDescription",".1.3.6.1.4.1.4329.2.45.2.3.1.3","OCTET STRING","read-only","","SharedServices-MIB","A description of the application."
"applicationVersion",".iso.org.dod.internet.private.enterprises.siemens.com.sharedServices.applicationGroup.applicationTable.applicationTableEntry.applicationVersion",".1.3.6.1.4.1.4329.2.45.2.3.1.4","OCTET STRING","read-only","","SharedServices-MIB","The version of the application."
"applicationContact",".iso.org.dod.internet.private.enterprises.siemens.com.sharedServices.applicationGroup.applicationTable.applicationTableEntry.applicationContact",".1.3.6.1.4.1.4329.2.45.2.3.1.5","OCTET STRING","read-only","","SharedServices-MIB","The responsible administrator."
"applicationStatus",".iso.org.dod.internet.private.enterprises.siemens.com.sharedServices.applicationGroup.applicationTable.applicationTableEntry.applicationStatus",".1.3.6.1.4.1.4329.2.45.2.3.1.6","OCTET STRING","read-only","","SharedServices-MIB","The status of the application. Possible values are:normal, warning, critical."
"applicationMgmtURL",".iso.org.dod.internet.private.enterprises.siemens.com.sharedServices.applicationGroup.applicationTable.applicationTableEntry.applicationMgmtURL",".1.3.6.1.4.1.4329.2.45.2.3.1.7","OCTET STRING","read-only","","SharedServices-MIB","Points to an page with gives access to the configuration manager of the component if available."
"applicationDocURL",".iso.org.dod.internet.private.enterprises.siemens.com.sharedServices.applicationGroup.applicationTable.applicationTableEntry.applicationDocURL",".1.3.6.1.4.1.4329.2.45.2.3.1.8","OCTET STRING","read-only","","SharedServices-MIB","Points to the documentation"
"applicationIconURL",".iso.org.dod.internet.private.enterprises.siemens.com.sharedServices.applicationGroup.applicationTable.applicationTableEntry.applicationIconURL",".1.3.6.1.4.1.4329.2.45.2.3.1.9","OCTET STRING","read-only","","SharedServices-MIB","Points to a file, which describes the location of the shape and the pixmaps for the icons to be used to display the application on the desktop map."
"numberOfApplicationServiceEntries",".iso.org.dod.internet.private.enterprises.siemens.com.sharedServices.applicationGroup.numberOfApplicationServiceEntries",".1.3.6.1.4.1.4329.2.45.2.4","INTEGER","read-only","","SharedServices-MIB","The number of services which are used by the application."
"applicationServiceTable",".iso.org.dod.internet.private.enterprises.siemens.com.sharedServices.applicationGroup.applicationServiceTable",".1.3.6.1.4.1.4329.2.45.2.5","SEQUENCE OF ApplicationServiceTableEntry","accessible-for-notify","","SharedServices-MIB","This table shows the services which are used by the applications."
"applicationServiceTableEntry",".iso.org.dod.internet.private.enterprises.siemens.com.sharedServices.applicationGroup.applicationServiceTable.applicationServiceTableEntry",".1.3.6.1.4.1.4329.2.45.2.5.1","ApplicationServiceTableEntry","not-accessible","applicationAssocApplicationGuid, applicationAssocServiceGuid","SharedServices-MIB","The associated services."
"applicationAssocApplicationGuid",".iso.org.dod.internet.private.enterprises.siemens.com.sharedServices.applicationGroup.applicationServiceTable.applicationServiceTableEntry.applicationAssocApplicationGuid",".1.3.6.1.4.1.4329.2.45.2.5.1.1","OCTET STRING","read-only","","SharedServices-MIB","The unique identifier of the application."
"applicationAssocServiceGuid",".iso.org.dod.internet.private.enterprises.siemens.com.sharedServices.applicationGroup.applicationServiceTable.applicationServiceTableEntry.applicationAssocServiceGuid",".1.3.6.1.4.1.4329.2.45.2.5.1.2","OCTET STRING","read-only","","SharedServices-MIB","The unique identifier of the associated service."
"applicationAssocServiceDisplayName",".iso.org.dod.internet.private.enterprises.siemens.com.sharedServices.applicationGroup.applicationServiceTable.applicationServiceTableEntry.applicationAssocServiceDisplayName",".1.3.6.1.4.1.4329.2.45.2.5.1.3","OCTET STRING","read-only","","SharedServices-MIB","The display name of the associated service."
"containerGroup",".iso.org.dod.internet.private.enterprises.siemens.com.sharedServices.containerGroup",".1.3.6.1.4.1.4329.2.45.3",,,"","SharedServices-MIB",""
"numberOfContainerEntries",".iso.org.dod.internet.private.enterprises.siemens.com.sharedServices.containerGroup.numberOfContainerEntries",".1.3.6.1.4.1.4329.2.45.3.1","INTEGER","read-only","","SharedServices-MIB","The number of entries in the container table."
"numberOfContainerTraps",".iso.org.dod.internet.private.enterprises.siemens.com.sharedServices.containerGroup.numberOfContainerTraps",".1.3.6.1.4.1.4329.2.45.3.2","INTEGER","read-only","","SharedServices-MIB","The number of traps which were sent to signal status changes of the containers."
"containerTable",".iso.org.dod.internet.private.enterprises.siemens.com.sharedServices.containerGroup.containerTable",".1.3.6.1.4.1.4329.2.45.3.3","SEQUENCE OF ContainerTableEntry","accessible-for-notify","","SharedServices-MIB","This table shows the contents of container entries. Containers are installed on the nodes. Services are deployed to containers."
"containerTableEntry",".iso.org.dod.internet.private.enterprises.siemens.com.sharedServices.containerGroup.containerTable.containerTableEntry",".1.3.6.1.4.1.4329.2.45.3.3.1","ContainerTableEntry","not-accessible","containerGuid","SharedServices-MIB","The container table entries."
"containerGuid",".iso.org.dod.internet.private.enterprises.siemens.com.sharedServices.containerGroup.containerTable.containerTableEntry.containerGuid",".1.3.6.1.4.1.4329.2.45.3.3.1.1","OCTET STRING","read-only","","SharedServices-MIB","The unique identifier of the container."
"containerNodeGuid",".iso.org.dod.internet.private.enterprises.siemens.com.sharedServices.containerGroup.containerTable.containerTableEntry.containerNodeGuid",".1.3.6.1.4.1.4329.2.45.3.3.1.2","OCTET STRING","read-only","","SharedServices-MIB","The unique identifier of the node where the container is installed."
"containerDisplayName",".iso.org.dod.internet.private.enterprises.siemens.com.sharedServices.containerGroup.containerTable.containerTableEntry.containerDisplayName",".1.3.6.1.4.1.4329.2.45.3.3.1.3","OCTET STRING","read-only","","SharedServices-MIB","The display name of the container."
"containerStatus",".iso.org.dod.internet.private.enterprises.siemens.com.sharedServices.containerGroup.containerTable.containerTableEntry.containerStatus",".1.3.6.1.4.1.4329.2.45.3.3.1.4","OCTET STRING","read-only","","SharedServices-MIB","The status of the container. Possible values are:normal, warning, critical."
"containerVersion",".iso.org.dod.internet.private.enterprises.siemens.com.sharedServices.containerGroup.containerTable.containerTableEntry.containerVersion",".1.3.6.1.4.1.4329.2.45.3.3.1.5","OCTET STRING","read-only","","SharedServices-MIB","The version of the container."
"containerMgmtURL",".iso.org.dod.internet.private.enterprises.siemens.com.sharedServices.containerGroup.containerTable.containerTableEntry.containerMgmtURL",".1.3.6.1.4.1.4329.2.45.3.3.1.6","OCTET STRING","read-only","","SharedServices-MIB","Points to an page with gives access to the configuration manager of the container if available."
"containerDocURL",".iso.org.dod.internet.private.enterprises.siemens.com.sharedServices.containerGroup.containerTable.containerTableEntry.containerDocURL",".1.3.6.1.4.1.4329.2.45.3.3.1.7","OCTET STRING","read-only","","SharedServices-MIB","Points to the documentation"
"containerIconURL",".iso.org.dod.internet.private.enterprises.siemens.com.sharedServices.containerGroup.containerTable.containerTableEntry.containerIconURL",".1.3.6.1.4.1.4329.2.45.3.3.1.8","OCTET STRING","read-only","","SharedServices-MIB","Points to a file, which describes the location of the shape and the pixmaps for the icons to be used to display the container on the desktop map."
"numberOfContainerServiceEntries",".iso.org.dod.internet.private.enterprises.siemens.com.sharedServices.containerGroup.numberOfContainerServiceEntries",".1.3.6.1.4.1.4329.2.45.3.4","INTEGER","read-only","","SharedServices-MIB","The number of services which are deployed to the containers."
"containerServiceTable",".iso.org.dod.internet.private.enterprises.siemens.com.sharedServices.containerGroup.containerServiceTable",".1.3.6.1.4.1.4329.2.45.3.5","SEQUENCE OF ContainerServiceTableEntry","accessible-for-notify","","SharedServices-MIB","This table shows the services which are deployed to the containers."
"containerServiceTableEntry",".iso.org.dod.internet.private.enterprises.siemens.com.sharedServices.containerGroup.containerServiceTable.containerServiceTableEntry",".1.3.6.1.4.1.4329.2.45.3.5.1","ContainerServiceTableEntry","not-accessible","containerAssocContainerGuid, containerAssocServiceGuid","SharedServices-MIB","The associated services."
"containerAssocContainerGuid",".iso.org.dod.internet.private.enterprises.siemens.com.sharedServices.containerGroup.containerServiceTable.containerServiceTableEntry.containerAssocContainerGuid",".1.3.6.1.4.1.4329.2.45.3.5.1.1","OCTET STRING","read-only","","SharedServices-MIB","The unique identifier of the container."
"containerAssocServiceGuid",".iso.org.dod.internet.private.enterprises.siemens.com.sharedServices.containerGroup.containerServiceTable.containerServiceTableEntry.containerAssocServiceGuid",".1.3.6.1.4.1.4329.2.45.3.5.1.2","OCTET STRING","read-only","","SharedServices-MIB","The unique identifier of the associated service."
"containerAssocServiceDisplayName",".iso.org.dod.internet.private.enterprises.siemens.com.sharedServices.containerGroup.containerServiceTable.containerServiceTableEntry.containerAssocServiceDisplayName",".1.3.6.1.4.1.4329.2.45.3.5.1.3","OCTET STRING","read-only","","SharedServices-MIB","The display name of the associated service."
"serviceGroup",".iso.org.dod.internet.private.enterprises.siemens.com.sharedServices.serviceGroup",".1.3.6.1.4.1.4329.2.45.4",,,"","SharedServices-MIB",""
"numberOfServiceEntries",".iso.org.dod.internet.private.enterprises.siemens.com.sharedServices.serviceGroup.numberOfServiceEntries",".1.3.6.1.4.1.4329.2.45.4.1","INTEGER","read-only","","SharedServices-MIB","The number of entries in the service table."
"numberOfServiceTraps",".iso.org.dod.internet.private.enterprises.siemens.com.sharedServices.serviceGroup.numberOfServiceTraps",".1.3.6.1.4.1.4329.2.45.4.2","INTEGER","read-only","","SharedServices-MIB","The number of traps which were sent to signal status changes of the services."
"serviceTable",".iso.org.dod.internet.private.enterprises.siemens.com.sharedServices.serviceGroup.serviceTable",".1.3.6.1.4.1.4329.2.45.4.3","SEQUENCE OF ServiceTableEntry","accessible-for-notify","","SharedServices-MIB","This table shows the contents of a service entry. Services are deployed to containers which are installed on nodes. Services are used by applications. Service-faults can initiate alarm traps which could be send to external faultmanagement systems. "
"serviceTableEntry",".iso.org.dod.internet.private.enterprises.siemens.com.sharedServices.serviceGroup.serviceTable.serviceTableEntry",".1.3.6.1.4.1.4329.2.45.4.3.1","ServiceTableEntry","not-accessible","serviceGuid","SharedServices-MIB","The service table entries."
"serviceGuid",".iso.org.dod.internet.private.enterprises.siemens.com.sharedServices.serviceGroup.serviceTable.serviceTableEntry.serviceGuid",".1.3.6.1.4.1.4329.2.45.4.3.1.1","OCTET STRING","read-only","","SharedServices-MIB","The unique identifier of the service."
"serviceContainerGuid",".iso.org.dod.internet.private.enterprises.siemens.com.sharedServices.serviceGroup.serviceTable.serviceTableEntry.serviceContainerGuid",".1.3.6.1.4.1.4329.2.45.4.3.1.2","OCTET STRING","read-only","","SharedServices-MIB","The unique identifier of the associated container."
"serviceNodeGuid",".iso.org.dod.internet.private.enterprises.siemens.com.sharedServices.serviceGroup.serviceTable.serviceTableEntry.serviceNodeGuid",".1.3.6.1.4.1.4329.2.45.4.3.1.3","OCTET STRING","read-only","","SharedServices-MIB","The unique identifier of the associated node."
"serviceDisplayName",".iso.org.dod.internet.private.enterprises.siemens.com.sharedServices.serviceGroup.serviceTable.serviceTableEntry.serviceDisplayName",".1.3.6.1.4.1.4329.2.45.4.3.1.4","OCTET STRING","read-only","","SharedServices-MIB","The display name of the service."
"serviceStatus",".iso.org.dod.internet.private.enterprises.siemens.com.sharedServices.serviceGroup.serviceTable.serviceTableEntry.serviceStatus",".1.3.6.1.4.1.4329.2.45.4.3.1.5","OCTET STRING","read-only","","SharedServices-MIB","The status of the service. Possible values are:normal, warning, critical."
"serviceMgmtURL",".iso.org.dod.internet.private.enterprises.siemens.com.sharedServices.serviceGroup.serviceTable.serviceTableEntry.serviceMgmtURL",".1.3.6.1.4.1.4329.2.45.4.3.1.6","OCTET STRING","read-only","","SharedServices-MIB","Points to an page with gives access to the configuration manager of the component if available."
"serviceDocURL",".iso.org.dod.internet.private.enterprises.siemens.com.sharedServices.serviceGroup.serviceTable.serviceTableEntry.serviceDocURL",".1.3.6.1.4.1.4329.2.45.4.3.1.7","OCTET STRING","read-only","","SharedServices-MIB","Points to the documentation."
"serviceIconURL",".iso.org.dod.internet.private.enterprises.siemens.com.sharedServices.serviceGroup.serviceTable.serviceTableEntry.serviceIconURL",".1.3.6.1.4.1.4329.2.45.4.3.1.8","OCTET STRING","read-only","","SharedServices-MIB","Points to a file, which describes the location of the shape and the pixmaps for the icons to be used to display the service on the desktop map."
"numberOfServiceAlarmEntries",".iso.org.dod.internet.private.enterprises.siemens.com.sharedServices.serviceGroup.numberOfServiceAlarmEntries",".1.3.6.1.4.1.4329.2.45.4.4","INTEGER","read-only","","SharedServices-MIB","The number of alarm traps which were initiated by specified service-faults."
"serviceAlarmTable",".iso.org.dod.internet.private.enterprises.siemens.com.sharedServices.serviceGroup.serviceAlarmTable",".1.3.6.1.4.1.4329.2.45.4.5","SEQUENCE OF ServiceAlarmTableEntry","accessible-for-notify","","SharedServices-MIB","This table shows the alarm traps which were generated due to specified faults which appeared in the services."
"serviceAlarmTableEntry",".iso.org.dod.internet.private.enterprises.siemens.com.sharedServices.serviceGroup.serviceAlarmTable.serviceAlarmTableEntry",".1.3.6.1.4.1.4329.2.45.4.5.1","ServiceAlarmTableEntry","not-accessible","serviceAssocAlarmState, serviceAssocServiceGuid, serviceAssocAlarmIndex","SharedServices-MIB","The associated alarms."
"serviceAssocAlarmState",".iso.org.dod.internet.private.enterprises.siemens.com.sharedServices.serviceGroup.serviceAlarmTable.serviceAlarmTableEntry.serviceAssocAlarmState",".1.3.6.1.4.1.4329.2.45.4.5.1.1","INTEGER","read-only","","SharedServices-MIB","Status of the associated alarm: alarm status on, alarm status off."
"serviceAssocServiceGuid",".iso.org.dod.internet.private.enterprises.siemens.com.sharedServices.serviceGroup.serviceAlarmTable.serviceAlarmTableEntry.serviceAssocServiceGuid",".1.3.6.1.4.1.4329.2.45.4.5.1.2","OCTET STRING","read-only","","SharedServices-MIB","The unique identifier of the service which has initiated the alarm trap."
"serviceAssocAlarmIndex",".iso.org.dod.internet.private.enterprises.siemens.com.sharedServices.serviceGroup.serviceAlarmTable.serviceAlarmTableEntry.serviceAssocAlarmIndex",".1.3.6.1.4.1.4329.2.45.4.5.1.3","INTEGER","read-only","","SharedServices-MIB","The alarm table index of the associated alarm, which is defined in the alarm group."
"serviceAssocAlarmDescription",".iso.org.dod.internet.private.enterprises.siemens.com.sharedServices.serviceGroup.serviceAlarmTable.serviceAlarmTableEntry.serviceAssocAlarmDescription",".1.3.6.1.4.1.4329.2.45.4.5.1.4","OCTET STRING","read-only","","SharedServices-MIB","A description of the associated alarm."
"alarmGroup",".iso.org.dod.internet.private.enterprises.siemens.com.sharedServices.alarmGroup",".1.3.6.1.4.1.4329.2.45.5",,,"","SharedServices-MIB",""
"numberOfAlarmEntries",".iso.org.dod.internet.private.enterprises.siemens.com.sharedServices.alarmGroup.numberOfAlarmEntries",".1.3.6.1.4.1.4329.2.45.5.1","INTEGER","read-only","","SharedServices-MIB","The number of entries in the alarm-trap table."
"numberOfAlarmTraps",".iso.org.dod.internet.private.enterprises.siemens.com.sharedServices.alarmGroup.numberOfAlarmTraps",".1.3.6.1.4.1.4329.2.45.5.2","INTEGER","read-only","","SharedServices-MIB","The number of alarm-traps which were initiated by specified faults."
"alarmTrapTable",".iso.org.dod.internet.private.enterprises.siemens.com.sharedServices.alarmGroup.alarmTrapTable",".1.3.6.1.4.1.4329.2.45.5.3","SEQUENCE OF AlarmTrapTableEntry","accessible-for-notify","","SharedServices-MIB","This table shows the contents of an alarm trap. Alarm traps are generated if specified faults appear in the services. Objects definitions alarmTimestampOff and alarmTimestampReceived have become obsolete."
"alarmTrapTableEntry",".iso.org.dod.internet.private.enterprises.siemens.com.sharedServices.alarmGroup.alarmTrapTable.alarmTrapTableEntry",".1.3.6.1.4.1.4329.2.45.5.3.1","AlarmTrapTableEntry","not-accessible","alarmTableIndex","SharedServices-MIB","The alarm trap table entries."
"alarmTableIndex",".iso.org.dod.internet.private.enterprises.siemens.com.sharedServices.alarmGroup.alarmTrapTable.alarmTrapTableEntry.alarmTableIndex",".1.3.6.1.4.1.4329.2.45.5.3.1.1","INTEGER","read-only","","SharedServices-MIB","A consecutive number of the alarm-traps."
"alarmId",".iso.org.dod.internet.private.enterprises.siemens.com.sharedServices.alarmGroup.alarmTrapTable.alarmTrapTableEntry.alarmId",".1.3.6.1.4.1.4329.2.45.5.3.1.2","INTEGER","read-only","","SharedServices-MIB","The unique identifier of the alarm."
"alarmServiceGuid",".iso.org.dod.internet.private.enterprises.siemens.com.sharedServices.alarmGroup.alarmTrapTable.alarmTrapTableEntry.alarmServiceGuid",".1.3.6.1.4.1.4329.2.45.5.3.1.3","OCTET STRING","read-only","","SharedServices-MIB","The GUID of the service which raises the alarm."
"alarmContainerGuid",".iso.org.dod.internet.private.enterprises.siemens.com.sharedServices.alarmGroup.alarmTrapTable.alarmTrapTableEntry.alarmContainerGuid",".1.3.6.1.4.1.4329.2.45.5.3.1.4","OCTET STRING","read-only","","SharedServices-MIB","The GUID of the container the alarm source is running on."
"alarmNodeGuid",".iso.org.dod.internet.private.enterprises.siemens.com.sharedServices.alarmGroup.alarmTrapTable.alarmTrapTableEntry.alarmNodeGuid",".1.3.6.1.4.1.4329.2.45.5.3.1.5","OCTET STRING","read-only","","SharedServices-MIB","The configured (fixed) node id of the node the alarm source is running on."
"alarmTitle",".iso.org.dod.internet.private.enterprises.siemens.com.sharedServices.alarmGroup.alarmTrapTable.alarmTrapTableEntry.alarmTitle",".1.3.6.1.4.1.4329.2.45.5.3.1.6","OCTET STRING","read-only","","SharedServices-MIB","The title of the alarm. Possible are any free configurable strings."
"alarmState",".iso.org.dod.internet.private.enterprises.siemens.com.sharedServices.alarmGroup.alarmTrapTable.alarmTrapTableEntry.alarmState",".1.3.6.1.4.1.4329.2.45.5.3.1.7","INTEGER","read-only","","SharedServices-MIB","Status of the alarm:alarm status on, alarm status off. The alarm is still visible if the status changes to 'off'."
"alarmSourceGuid",".iso.org.dod.internet.private.enterprises.siemens.com.sharedServices.alarmGroup.alarmTrapTable.alarmTrapTableEntry.alarmSourceGuid",".1.3.6.1.4.1.4329.2.45.5.3.1.8","OCTET STRING","read-only","","SharedServices-MIB","The GUID of the alarm source. Possible values are the configured (fixed) GUIDs of the FaultHandler instance or HP8k trapReceiver instance."
"alarmSourceName",".iso.org.dod.internet.private.enterprises.siemens.com.sharedServices.alarmGroup.alarmTrapTable.alarmTrapTableEntry.alarmSourceName",".1.3.6.1.4.1.4329.2.45.5.3.1.9","OCTET STRING","read-only","","SharedServices-MIB","The name of the alarm source. Possible values are the configured (changeable) display names of the Fault Handler instance or HP8k trapReceiver instance."
"alarmSourceClass",".iso.org.dod.internet.private.enterprises.siemens.com.sharedServices.alarmGroup.alarmTrapTable.alarmTrapTableEntry.alarmSourceClass",".1.3.6.1.4.1.4329.2.45.5.3.1.10","OCTET STRING","read-only","","SharedServices-MIB","The ClassName of the alarm source. Possible values are the configured (fixed) implementation class names of Fault Handler instance or HP8k trapReceiver instance."
"alarmTimestampOn",".iso.org.dod.internet.private.enterprises.siemens.com.sharedServices.alarmGroup.alarmTrapTable.alarmTrapTableEntry.alarmTimestampOn",".1.3.6.1.4.1.4329.2.45.5.3.1.11","OCTET STRING","read-only","","SharedServices-MIB","Date and time of the alarm event generation. See above for a description on the semantics."
"alarmTimestampOff",".iso.org.dod.internet.private.enterprises.siemens.com.sharedServices.alarmGroup.alarmTrapTable.alarmTrapTableEntry.alarmTimestampOff",".1.3.6.1.4.1.4329.2.45.5.3.1.12","OCTET STRING","read-only","","SharedServices-MIB","Date and time of the alarm event reset. See above for a description on the semantics."
"alarmTimestampReceived",".iso.org.dod.internet.private.enterprises.siemens.com.sharedServices.alarmGroup.alarmTrapTable.alarmTrapTableEntry.alarmTimestampReceived",".1.3.6.1.4.1.4329.2.45.5.3.1.13","OCTET STRING","read-only","","SharedServices-MIB","Date and time when the alarm event was received by the FaultHandler. See above for a description on the semantics."
"alarmPriority",".iso.org.dod.internet.private.enterprises.siemens.com.sharedServices.alarmGroup.alarmTrapTable.alarmTrapTableEntry.alarmPriority",".1.3.6.1.4.1.4329.2.45.5.3.1.14","INTEGER","read-only","","SharedServices-MIB","The priority of the alarm. Possible values are: (0) normal, (1) information, (2) warning, (3) minor, (4) major, (5) critical, (6) unknown."
"alarmCategory",".iso.org.dod.internet.private.enterprises.siemens.com.sharedServices.alarmGroup.alarmTrapTable.alarmTrapTableEntry.alarmCategory",".1.3.6.1.4.1.4329.2.45.5.3.1.15","OCTET STRING","read-only","","SharedServices-MIB","The category of the alarm. Possible are any free configurable strings."
"alarmDescription",".iso.org.dod.internet.private.enterprises.siemens.com.sharedServices.alarmGroup.alarmTrapTable.alarmTrapTableEntry.alarmDescription",".1.3.6.1.4.1.4329.2.45.5.3.1.16","OCTET STRING","read-only","","SharedServices-MIB","The description of the alarm. Possible are any free configurable strings."
"trapGroup",".iso.org.dod.internet.private.enterprises.siemens.com.sharedServices.trapGroup",".1.3.6.1.4.1.4329.2.45.90",,,"","SharedServices-MIB",""
"nodeStatusChange",".iso.org.dod.internet.private.enterprises.siemens.com.sharedServices.trapGroup.nodeStatusChange",".1.3.6.1.4.1.4329.2.45.90.1",,,"","SharedServices-MIB","If the status of an node changes, a trap will be send to the management station containing the application identifier and the node status."
"applicationStatusChange",".iso.org.dod.internet.private.enterprises.siemens.com.sharedServices.trapGroup.applicationStatusChange",".1.3.6.1.4.1.4329.2.45.90.2",,,"","SharedServices-MIB","If the status of an application changes, a trap will be send to the management station containing the application identifier and the application status."
"containerStatusChange",".iso.org.dod.internet.private.enterprises.siemens.com.sharedServices.trapGroup.containerStatusChange",".1.3.6.1.4.1.4329.2.45.90.3",,,"","SharedServices-MIB","If the status of a container changes, a trap will be send to the management station containing the container identifier and the container status."
"serviceStatusChange",".iso.org.dod.internet.private.enterprises.siemens.com.sharedServices.trapGroup.serviceStatusChange",".1.3.6.1.4.1.4329.2.45.90.4",,,"","SharedServices-MIB","If the status of a service changes, a trap will be send to the management station containing the service identifier and the service status. Components are treated like services."
"alarmTrap",".iso.org.dod.internet.private.enterprises.siemens.com.sharedServices.trapGroup.alarmTrap",".1.3.6.1.4.1.4329.2.45.90.5",,,"","SharedServices-MIB","If an error occurs, there will be checked if the errorClass is configured to trigger an immediate signalling. If so, a trap will be send to the management station containing the information shown above."
"resetAlarmTrap",".iso.org.dod.internet.private.enterprises.siemens.com.sharedServices.trapGroup.resetAlarmTrap",".1.3.6.1.4.1.4329.2.45.90.6",,,"","SharedServices-MIB","The described alarm to be reset. The alarm has to be deleted."
"heartBeatTrap",".iso.org.dod.internet.private.enterprises.siemens.com.sharedServices.trapGroup.heartBeatTrap",".1.3.6.1.4.1.4329.2.45.90.7",,,"","SharedServices-MIB","Heartbeat trap, fired at periodic intervals."
"complianceGroup",".iso.org.dod.internet.private.enterprises.siemens.com.sharedServices.complianceGroup",".1.3.6.1.4.1.4329.2.45.98",,,"","SharedServices-MIB",""
"nodeGroupCompliance",".iso.org.dod.internet.private.enterprises.siemens.com.sharedServices.complianceGroup.nodeGroupCompliance",".1.3.6.1.4.1.4329.2.45.98.1",,,"","SharedServices-MIB","The node group compliance."
"applicationGroupCompliance",".iso.org.dod.internet.private.enterprises.siemens.com.sharedServices.complianceGroup.applicationGroupCompliance",".1.3.6.1.4.1.4329.2.45.98.2",,,"","SharedServices-MIB","The application group compliance."
"containerGroupCompliance",".iso.org.dod.internet.private.enterprises.siemens.com.sharedServices.complianceGroup.containerGroupCompliance",".1.3.6.1.4.1.4329.2.45.98.3",,,"","SharedServices-MIB","The container group compliance."
"serviceGroupCompliance",".iso.org.dod.internet.private.enterprises.siemens.com.sharedServices.complianceGroup.serviceGroupCompliance",".1.3.6.1.4.1.4329.2.45.98.4",,,"","SharedServices-MIB","The service group compliance."
"alarmGroupCompliance",".iso.org.dod.internet.private.enterprises.siemens.com.sharedServices.complianceGroup.alarmGroupCompliance",".1.3.6.1.4.1.4329.2.45.98.5",,,"","SharedServices-MIB","The alarm group compliance."
"trapGroupCompliance",".iso.org.dod.internet.private.enterprises.siemens.com.sharedServices.complianceGroup.trapGroupCompliance",".1.3.6.1.4.1.4329.2.45.98.6",,,"","SharedServices-MIB","The trap group compliance."
"complianceModules",".iso.org.dod.internet.private.enterprises.siemens.com.sharedServices.complianceModules",".1.3.6.1.4.1.4329.2.45.99",,,"","SharedServices-MIB",""
"compliance",".iso.org.dod.internet.private.enterprises.siemens.com.sharedServices.complianceModules.compliance",".1.3.6.1.4.1.4329.2.45.99.1",,,"","SharedServices-MIB","The compliance statement."
